project,vanilla,ctestrunner,oldctestrunner
alluxio,92.04264116287231,94.9318019549052,497.97158710161847
camel,206.1214820543925,206.14093514283496,8519.162347237268
flink,49.79372223218282,49.82378054062526,1430.9518580436707
hbase,482.8154722849528,482.99570870399475,2047.2980988025665
hcommon,1220.7341327667236,1259.9436780611675,2570.8998255729675
hdfs,17363.43152610461,17569.609996795654,19132.402001142502
jmeter,8.04891045888265,17.90805999437968,0.0
mapreduce,273.6634593804677,277.64637502034503,437.89812088012695
paldb,16.89474407831828,21.62017313639323,0.0
yarn,182.9730747540792,186.20337478319803,389.9134262402852
zeppelin,607.9622850418091,609.5944982767105,704.0154277483622
zookeeper,904.3655972480774,913.033610423406,918.3223440726599
